{"file_name":"c26.pdf","file_path":"CVs/c26.pdf","upload_timestamp":1.7372733164590237E9}
{"file_name":"c19.pdf","file_path":"CVs/c19.pdf","upload_timestamp":1.7372733164590256E9}
{"file_name":"c49.pdf","file_path":"CVs/c49.pdf","upload_timestamp":1.7372733164590273E9}
{"file_name":"c71.pdf","file_path":"CVs/c71.pdf","upload_timestamp":1.737273316459029E9}
{"file_name":"c70.pdf","file_path":"CVs/c70.pdf","upload_timestamp":1.7372733164590306E9}
{"file_name":"c67.pdf","file_path":"CVs/c67.pdf","upload_timestamp":1.737273316459032E9}
{"file_name":"c1.pdf","file_path":"CVs/c1.pdf","upload_timestamp":1.7372733164591286E9}
{"file_name":"c52.pdf","file_path":"CVs/c52.pdf","upload_timestamp":1.7372733164591305E9}
{"file_name":"c10.pdf","file_path":"CVs/c10.pdf","upload_timestamp":1.7372733164591324E9}
{"file_name":"c3.pdf","file_path":"CVs/c3.pdf","upload_timestamp":1.737273316459135E9}
{"file_name":"c80.pdf","file_path":"CVs/c80.pdf","upload_timestamp":1.7372733164591365E9}
{"file_name":"c79.pdf","file_path":"CVs/c79.pdf","upload_timestamp":1.7372733164591956E9}
