{"file_name":"c54.pdf","file_path":"CVs/c54.pdf","upload_timestamp":1.7372733164589653E9}
{"file_name":"c90.pdf","file_path":"CVs/c90.pdf","upload_timestamp":1.737273316458968E9}
{"file_name":"c75.pdf","file_path":"CVs/c75.pdf","upload_timestamp":1.7372733164589698E9}
{"file_name":"c94.pdf","file_path":"CVs/c94.pdf","upload_timestamp":1.737273316458972E9}
{"file_name":"c97.pdf","file_path":"CVs/c97.pdf","upload_timestamp":1.7372733164589736E9}
{"file_name":"c5.pdf","file_path":"CVs/c5.pdf","upload_timestamp":1.7372733164589756E9}
{"file_name":"c73.pdf","file_path":"CVs/c73.pdf","upload_timestamp":1.737273316458977E9}
{"file_name":"c91.pdf","file_path":"CVs/c91.pdf","upload_timestamp":1.7372733164589794E9}
{"file_name":"c15.pdf","file_path":"CVs/c15.pdf","upload_timestamp":1.737273316458981E9}
{"file_name":"c50.pdf","file_path":"CVs/c50.pdf","upload_timestamp":1.737273316458983E9}
{"file_name":"c11.pdf","file_path":"CVs/c11.pdf","upload_timestamp":1.7372733164589844E9}
{"file_name":"c32.pdf","file_path":"CVs/c32.pdf","upload_timestamp":1.7372733164590182E9}
