{"file_name":"c95.pdf","file_path":"CVs/c95.pdf","upload_timestamp":1.737273316459199E9}
{"file_name":"c8.pdf","file_path":"CVs/c8.pdf","upload_timestamp":1.7372733164592006E9}
{"file_name":"c24.pdf","file_path":"CVs/c24.pdf","upload_timestamp":1.7372733164592028E9}
{"file_name":"c37.pdf","file_path":"CVs/c37.pdf","upload_timestamp":1.737273316459205E9}
{"file_name":"c22.pdf","file_path":"CVs/c22.pdf","upload_timestamp":1.7372733164592063E9}
{"file_name":"c28.pdf","file_path":"CVs/c28.pdf","upload_timestamp":1.737273316459208E9}
{"file_name":"c25.pdf","file_path":"CVs/c25.pdf","upload_timestamp":1.7372733164592097E9}
{"file_name":"c74.pdf","file_path":"CVs/c74.pdf","upload_timestamp":1.7372733164592113E9}
{"file_name":"c41.pdf","file_path":"CVs/c41.pdf","upload_timestamp":1.7372733164592128E9}
{"file_name":"c30.pdf","file_path":"CVs/c30.pdf","upload_timestamp":1.7372733164592907E9}
{"file_name":"c44.pdf","file_path":"CVs/c44.pdf","upload_timestamp":1.7372733164592965E9}
{"file_name":"c77.pdf","file_path":"CVs/c77.pdf","upload_timestamp":1.7372733164592984E9}
