{"file_name":"c85.pdf","file_path":"CVs/c85.pdf","upload_timestamp":1.737273316458804E9}
{"file_name":"c2.pdf","file_path":"CVs/c2.pdf","upload_timestamp":1.7372733164588468E9}
{"file_name":"c34.pdf","file_path":"CVs/c34.pdf","upload_timestamp":1.7372733164588492E9}
{"file_name":"c92.pdf","file_path":"CVs/c92.pdf","upload_timestamp":1.7372733164588861E9}
{"file_name":"c13.pdf","file_path":"CVs/c13.pdf","upload_timestamp":1.7372733164588892E9}
{"file_name":"c14.pdf","file_path":"CVs/c14.pdf","upload_timestamp":1.7372733164588912E9}
{"file_name":"c18.pdf","file_path":"CVs/c18.pdf","upload_timestamp":1.7372733164588933E9}
{"file_name":"c35.pdf","file_path":"CVs/c35.pdf","upload_timestamp":1.737273316458896E9}
{"file_name":"c36.pdf","file_path":"CVs/c36.pdf","upload_timestamp":1.7372733164588976E9}
{"file_name":"c66.pdf","file_path":"CVs/c66.pdf","upload_timestamp":1.7372733164588995E9}
{"file_name":"c83.pdf","file_path":"CVs/c83.pdf","upload_timestamp":1.737273316458901E9}
{"file_name":"c59.pdf","file_path":"CVs/c59.pdf","upload_timestamp":1.7372733164589028E9}
