{"file_name":"c55.pdf","email":"jayant.1212@gmail.com"}
{"file_name":"c65.pdf","email":"mahi.iit@gmail.com"}
{"file_name":"c72.pdf","email":"aaditya.raut@gmail.com","phone":"9932573286"}
{"file_name":"c12.pdf","email":"diptesh.chh.1987@gmail.com","phone":"9564293052"}
{"file_name":"c68.pdf","email":"amd4ahmad@gmail.com","phone":"9932584276"}
{"file_name":"c86.pdf","email":"gauravmiitkgp@gmail.com"}
{"file_name":"c40.pdf","email":"VIVEIX@GMAIL.COM","phone":"9735315369"}
{"file_name":"c33.pdf","phone":"9641770058"}
{"file_name":"c21.pdf","email":"sagheershahzeb@gmail.com","phone":"9932574288"}
{"file_name":"c9.pdf","email":"mohitsinghiitkgp@gmail.com","phone":"9800131668"}
{"file_name":"c42.pdf"}
{"file_name":"c87.pdf","email":"vivek787r@gmail.com","phone":"9735452792"}
