{"file_name":"c16.pdf","email":"pratik.garg89@gmail.com","phone":"9734404990"}
{"file_name":"c88.pdf","email":"sugam.iitkgp@gmail.com","phone":"9932572709"}
{"file_name":"c78.pdf","email":"swapnil.bagmar@gmail.com","phone":"9932571477"}
{"file_name":"c76.pdf","email":"vchowdhary01@gmail.com"}
{"file_name":"c57.pdf","email":"a.s.neogy@gmail.com","phone":"9433579434"}
{"file_name":"c62.pdf"}
{"file_name":"c58.pdf","name":"BISWAJIT MONDAL  \n \nDate of Birth","email":"biswajit1035@gmail.com","phone":"9932955153"}
{"file_name":"c84.pdf","email":"manish.iitkgp06@gmail.com"}
{"file_name":"c47.pdf"}
{"file_name":"c69.pdf","email":"shashwat.iitkgp@gmail.com","phone":"9734429070"}
{"file_name":"c48.pdf","email":"chiragathaker@gmail.com","phone":"9564090231"}
{"file_name":"c17.pdf","email":"saurabhgoyal07@gmail.com","phone":"9932584352"}
