{"file_name":"c93.pdf","email":"kumarvivek2609@gmail.com","phone":"9832564376"}
{"file_name":"c38.pdf","email":"lavanya.iitkgp@gmail.com"}
{"file_name":"c23.pdf","email":"dheeraj1126@gmail.com","phone":"9800131665"}
{"file_name":"c64.pdf","email":"sankalanprasad@gmail.com","phone":"9932584636"}
{"file_name":"c43.pdf","email":"skverma.iitkgp@gmail.com","phone":"9333855268"}
{"file_name":"c46.pdf","email":"romiljohri@gmail.com","phone":"9775551808"}
{"file_name":"c6.pdf","email":"gautamkumar.iit@gmail.com"}
{"file_name":"c63.pdf","email":"singhharkanwal@gmail.com","phone":"9734437818"}
{"file_name":"c31.pdf","email":"mitra.sayak@gmail.com","phone":"9836007850"}
{"file_name":"c82.pdf","email":"maanas.iitkgp@gmail.com","phone":"9733504020"}
{"file_name":"c61.pdf","email":"bhogela.s@gmail.com","phone":"9734426418"}
{"file_name":"c53.pdf","email":"piyushgautam123@gmail.com","phone":"9932900825"}
