{"file_name":"c45.pdf"}
{"file_name":"c96.pdf","email":"s.prabhdeep@gmail.com","phone":"9333793334"}
{"file_name":"c39.pdf","email":"suryateja.p@gmail.com"}
{"file_name":"c51.pdf","email":"lekhaj123btmn@gmail.com"}
{"file_name":"c89.pdf","email":"pronoysikdar@gmail.com"}
{"file_name":"c81.pdf","email":"v.vibhav@gmail.com","phone":"9932574310"}
{"file_name":"c56.pdf"}
{"file_name":"c27.pdf","phone":"9932584147"}
{"file_name":"c7.pdf","phone":"9002323090"}
{"file_name":"c60.pdf","email":"hu@gmail.com","phone":"9932978863"}
{"file_name":"c4.pdf","email":"sarthakiitkgp@gmail.com"}
{"file_name":"c20.pdf","email":"ssundaram@google.com","phone":"9432281229"}
{"file_name":"c29.pdf","email":"raj1734@gmail.com"}
