{"file_name":"c45.pdf","name":"BAPPADITYA RAY \nROLL NO","cgpa":"8.14","skills":"Defence, R, Range  Doppler  Algorithm  & \n, Electronics   & Radar  Developement  Establishment, WB, VOCAL, & Electrical Communication, OFDM, BAPPADITYA, INTERNSHIP"}
{"file_name":"c96.pdf","name":"PRABHDEEP \tSINGH\t\t\t\t\t\t\t\t\t\t\t\t\t\t\t\t\t\t\t\t\t\t\t\t\t\t\t\t\t\t\t\t\t\t\t\t\t\t\t\t\t\t\t\t\t\t\t\t\t\t\t\t\t \t\nPhone No","email":"s.prabhdeep@gmail.com","phone":"9333793334","skills":"Bankruptcy  Prediction  \nPlace: IIT, Sangeet Visharad, Appnomic  Systems Pvt, ETMS, Applied Regression, AISSCE, Management  Bangalore, MAPE, Indian Institute, Institute/School, SAS, Mohali, Shivalik Public School, Department  \nEntertainment, Hindi Technology  Dramatics  Society, R, Won Dramatics  Cup, Degree/Examination, PRABHDEEP, Inter Hall Entertainment, National Sports Organisation, Won Entertainment  Cup, Eastern Technology  Music Society, Academic  Review Committee, Nehru Hall"}
{"file_name":"c39.pdf","name":"Surya Teja P  \nIndian Institute of Technology  Kharagpur  \nACADEMIC  BACKGROUND  \nDegree  University","email":"suryateja.p@gmail.com","phone":"9775552213","skills":"ISI, the institute, XII Board, INTERNSHIPS  \n, Secondary  School Certificate  \nExamination, Product Design Competition  , Indian Institute Of Technology\nKharagpur  2011, Degree  University/Board Year Performance, Andhra Pradesh, TTG, Indian Institute, VI & VII, IIT, TVS, Energia, Darwin Group, the National Physics Olympiad, R, SSC, GE, National Instruments, Industry Design Problem"}
{"file_name":"c51.pdf","email":"lekhaj123btmn@gmail.com","phone":"9732647588","cgpa":"6.48","skills":"Volley, VLSI, DATABASE MANAGEMENT SYSTEMS, • Implementation of PLC, ga, AIEEE, IIT Kharagpur, SQL, REDDY, ANDHRA PRADESH, Chess, PSPICE, IEEE, MATLAB, Kgp Cyber League, National Service Scheme, National Cadet Corps, Spectra, Inter Hall Product, XII, UNICEF, Gymkhana, IIT Kharagpur \n, KCL, VIJAYAWADA, Karate, Indian Army, SIDDARTHA, Lanthrax, EAMCET, R, AUTOCAD, IIT KHARAGPUR, • Gained, POSITIONS OF RESPONSIBILITY, Inter Hall, NCC, XILINX"}
{"file_name":"c89.pdf","email":"pronoysikdar@gmail.com","phone":"9932573303","cgpa":"7.36","skills":"PRONOY SIKDAR \n, Technical  Analysis & \nCharting, Medical Research, AIIMS, PRMIA, MS Office, Financial Instruments  & Financial Markets, BPM, Microsoft, MATLAB, Department  Newsletter, Advanced  Business Application  Programming, AIR, Indian Stock Markets, Xponent, Informatics IIT, WebSphere, Financial Risk Management, PROJECTS  \nOrganization   Date & Place  Project\nIIT, the National Science Talent Search Examination, Neural Networks, Adobe \nFlex &, SAS, BSE & NSE, C++, CAPM & Arbitrage  Pricing Theory, Best Practice & Ethics, Inference, WebSphere  Business Modeler v6.1, WebSphere  Business Monitor v6.1., Department  Magazine, the Professional  Risk Managers'  International  Association, IBM, R, WebSphere  Integration  Developer  v6.1 \n&, Mathematical  Foundations, Computer  Sciences \nCorporation, Indian Council, CSC, Project II, Matlab, INTERNSHIPS  \nOrganization   Date & Place  Project"}
{"file_name":"c81.pdf","name":"VIBHAV VISWANATHAN\nD","email":"v.vibhav@gmail.com","phone":"9932574310","cgpa":"8.34","skills":"VIBHAV VISWANATHAN\n, Inter IIT, Social Sci ence, IIT Kharagpur, the Inter-IIT Music Competition, basedCAPTAIN\nINSTITUTE, Year Examination/Degree School/University CGPA/Percentage\n, AISSE, Tennis Federation of India, Patel Hall of Residence, MIT, PPO, CBSE, INR, theRockville, Inter, IIT, the National Level ‘Wildfire’ Rock Competition, Harvard, Statistics and Informatics IIT Kharagpur 8.34/10, the National Talent Search Examination, R, Won, MANET, University of California, NTSE, Karnataka Board, Gulf Countries"}
{"file_name":"c56.pdf","cgpa":"8.15","skills":"Bharat Dynamics Limited, the GE Edison Challenge, AIEEE, ISRO, IIT Kharagpur, & PIC, Recognition, PCB, • Software Implementation, CBSE, Adaptive Filter \n• Designing, CLASS-12  CBSE, SPT, Space Technology Student’s, EXAMINATION BOARD/UNIVERSITY %, Conducted, MOSFET, Decoration, the Bit Serial Realization of the Sign-LMS, R, IIT KHARAGPUR, BDL, TCAD, B.Tech(E & ECE, Matlab, J FWTC GE Center"}
{"file_name":"c27.pdf","name":"Varun K Choudhary                                                                                   \n","phone":"9932584147","cgpa":"7.46","skills":"Birla, Statecharts, ISI, IIT \nKharagpur, IIT Kharagpur, Computer Science and Engineering  IIT Kharagpur, FSM, IIT Kharagpur  Basketball Team  Reached, Black Box Software Components, Inter Hall Basketball Tournament, the Inter Hall Football Team, Taiwan                                             , this Algorithm  \nFuture Work  , CBSE, PROJECTS  \nB.Tech Project                                                               , Mutual Funds and Financial Markets, NSE Certifications, XII, AIEEE 2006, Inter Hall Tournament  , the Inter -IIT Sports  Meet, Algorithm, the Inter Hall Water Polo  Team, R, BITS -Pilani  , IIT Kharagpur                                                           , Vinod Gupta School of Management, High School, AIEEE 2006  \n, RK Hall  Basketball Team  , IIT Kharagpur                                                       , the Statechart Diagram, Indian Statistical Institute, IIT Kharagpur Sports Fest"}
{"file_name":"c7.pdf","name":"Pin ","phone":"9002323090","cgpa":"6.45","skills":"APPLICA TIONS             :, KHARAGPUR, JHARAKHAND, GeoConcept, Java, adobe Photoshop, SQL, LLR, AISSE(10th BOARD, Sun Solaris, aquatics soci ety, Windows XP, EDUCATION  \n \n \n, Visual C, DAV J.V.M, RANCHI, MMIINNZZ  \nRoll No, Computer Science, Indian Institute of Technology, Hall of Residence, GeoConcept development kit, TTAARRUUNN, C++, System Research Institute (SRI -PUNE, Technology Dance Society, CENTAGE, R, gCluto, JHARKHAND, DAV, Choreography"}
{"file_name":"c60.pdf","name":"SAURABH SAHU  ","email":"hu@gmail.com","phone":"9932978863","cgpa":"9.09","skills":"Biomedical Engineering Systems, AIEEE, IIT Kharagpur, FPGA, Artificial Neural Network, Computat, Athletics Team, Library, Philips Research Asia -Bangalore, Patel Hall of Residence, Hardware Design Team, the ‘ Summer Research Fellowship ’, CBSE, Signal Processing, the Regional Mathematics Olympiad, Inter -hall Hardware Design Competition, XII, 4th International Joint Conferen, Year  Institute, MFCC, University of Massachusetts, Speech, INTERNSHIP, RMO, Indian Institute of Science, R, ASIC, Entrepreneurship ‐cell, NTSE, Indian  National Physics Olympiad E xamination, Inter Hall Product Design, Micro Piezoelectric \nTransducers, Inter Hall Dramatics"}
{"file_name":"c4.pdf","name":"SARTHAK JAIN\nC","email":"sarthakiitkgp@gmail.com","skills":"Computer Science &  \nEngineering, Java, Matlab Latex, State Board, TOPICEmergence, ONTivoli Service Automation Manager       \n, JAIN, MBD Talent Search Examination, Niloy, SARTHAK, •Library Committee, C++, Computer Science & Engineering, Azad Hall of Residence, IIT Kharagpur, INSTITUTE/SCHOOL cgpa, INTERNSHIP, IBM, R, Python, Microsoft Windows, VMWare, Official Bloags     \nGUIDEProf"}
{"file_name":"c20.pdf","name":"Sumit Sinha  ","email":"sumit9sinha9@gmail","phone":"9432281229","skills":"PHP, BigTable, Instaweb Configura tion Service and Developer Console, Java, IIT Kharagpur, FPGA, SQL, Assembly, Indian Institute of  Technology Kharagpur, HPCL, CPU, Auditorium Management, Inter House Debate, C++, TimeVision Infotech, Supermarket Automation, Merit, Database Management Systems, HLP School, Software Engineering, R, inter hall software development competiti, IIT Joint, JAVA, • Developed a Student’s, Dasher Zoo"}
