{"file_name":"c26.pdf","file_path":"CVs/c26.pdf","upload_timestamp":1.7372733164590237E9}
{"file_name":"c55.pdf","file_path":"CVs/c55.pdf","upload_timestamp":1.7372733164590247E9}
{"file_name":"c19.pdf","file_path":"CVs/c19.pdf","upload_timestamp":1.7372733164590256E9}
{"file_name":"c65.pdf","file_path":"CVs/c65.pdf","upload_timestamp":1.7372733164590263E9}
{"file_name":"c49.pdf","file_path":"CVs/c49.pdf","upload_timestamp":1.7372733164590273E9}
{"file_name":"c72.pdf","file_path":"CVs/c72.pdf","upload_timestamp":1.7372733164590282E9}
{"file_name":"c71.pdf","file_path":"CVs/c71.pdf","upload_timestamp":1.737273316459029E9}
{"file_name":"c12.pdf","file_path":"CVs/c12.pdf","upload_timestamp":1.7372733164590297E9}
{"file_name":"c70.pdf","file_path":"CVs/c70.pdf","upload_timestamp":1.7372733164590306E9}
{"file_name":"c68.pdf","file_path":"CVs/c68.pdf","upload_timestamp":1.7372733164590313E9}
{"file_name":"c67.pdf","file_path":"CVs/c67.pdf","upload_timestamp":1.737273316459032E9}
{"file_name":"c86.pdf","file_path":"CVs/c86.pdf","upload_timestamp":1.7372733164591253E9}
{"file_name":"c1.pdf","file_path":"CVs/c1.pdf","upload_timestamp":1.7372733164591286E9}
{"file_name":"c40.pdf","file_path":"CVs/c40.pdf","upload_timestamp":1.7372733164591298E9}
{"file_name":"c52.pdf","file_path":"CVs/c52.pdf","upload_timestamp":1.7372733164591305E9}
{"file_name":"c33.pdf","file_path":"CVs/c33.pdf","upload_timestamp":1.7372733164591317E9}
{"file_name":"c10.pdf","file_path":"CVs/c10.pdf","upload_timestamp":1.7372733164591324E9}
{"file_name":"c21.pdf","file_path":"CVs/c21.pdf","upload_timestamp":1.7372733164591339E9}
{"file_name":"c3.pdf","file_path":"CVs/c3.pdf","upload_timestamp":1.737273316459135E9}
{"file_name":"c9.pdf","file_path":"CVs/c9.pdf","upload_timestamp":1.7372733164591358E9}
{"file_name":"c80.pdf","file_path":"CVs/c80.pdf","upload_timestamp":1.7372733164591365E9}
{"file_name":"c42.pdf","file_path":"CVs/c42.pdf","upload_timestamp":1.7372733164591916E9}
{"file_name":"c79.pdf","file_path":"CVs/c79.pdf","upload_timestamp":1.7372733164591956E9}
{"file_name":"c87.pdf","file_path":"CVs/c87.pdf","upload_timestamp":1.7372733164591973E9}
