{"file_name":"c45.pdf","file_path":"CVs/c45.pdf","upload_timestamp":1.7372733164591982E9}
{"file_name":"c95.pdf","file_path":"CVs/c95.pdf","upload_timestamp":1.737273316459199E9}
{"file_name":"c96.pdf","file_path":"CVs/c96.pdf","upload_timestamp":1.7372733164591997E9}
{"file_name":"c8.pdf","file_path":"CVs/c8.pdf","upload_timestamp":1.7372733164592006E9}
{"file_name":"c39.pdf","file_path":"CVs/c39.pdf","upload_timestamp":1.7372733164592013E9}
{"file_name":"c24.pdf","file_path":"CVs/c24.pdf","upload_timestamp":1.7372733164592028E9}
{"file_name":"c51.pdf","file_path":"CVs/c51.pdf","upload_timestamp":1.737273316459204E9}
{"file_name":"c37.pdf","file_path":"CVs/c37.pdf","upload_timestamp":1.737273316459205E9}
{"file_name":"c89.pdf","file_path":"CVs/c89.pdf","upload_timestamp":1.7372733164592056E9}
{"file_name":"c22.pdf","file_path":"CVs/c22.pdf","upload_timestamp":1.7372733164592063E9}
{"file_name":"c81.pdf","file_path":"CVs/c81.pdf","upload_timestamp":1.737273316459207E9}
{"file_name":"c28.pdf","file_path":"CVs/c28.pdf","upload_timestamp":1.737273316459208E9}
{"file_name":"c56.pdf","file_path":"CVs/c56.pdf","upload_timestamp":1.7372733164592087E9}
{"file_name":"c25.pdf","file_path":"CVs/c25.pdf","upload_timestamp":1.7372733164592097E9}
{"file_name":"c27.pdf","file_path":"CVs/c27.pdf","upload_timestamp":1.7372733164592104E9}
{"file_name":"c74.pdf","file_path":"CVs/c74.pdf","upload_timestamp":1.7372733164592113E9}
{"file_name":"c7.pdf","file_path":"CVs/c7.pdf","upload_timestamp":1.737273316459212E9}
{"file_name":"c41.pdf","file_path":"CVs/c41.pdf","upload_timestamp":1.7372733164592128E9}
{"file_name":"c60.pdf","file_path":"CVs/c60.pdf","upload_timestamp":1.7372733164592135E9}
{"file_name":"c30.pdf","file_path":"CVs/c30.pdf","upload_timestamp":1.7372733164592907E9}
{"file_name":"c4.pdf","file_path":"CVs/c4.pdf","upload_timestamp":1.7372733164592948E9}
{"file_name":"c44.pdf","file_path":"CVs/c44.pdf","upload_timestamp":1.7372733164592965E9}
{"file_name":"c20.pdf","file_path":"CVs/c20.pdf","upload_timestamp":1.7372733164592974E9}
{"file_name":"c77.pdf","file_path":"CVs/c77.pdf","upload_timestamp":1.7372733164592984E9}
{"file_name":"c29.pdf","file_path":"CVs/c29.pdf","upload_timestamp":1.737273316459299E9}
