{"file_name":"c85.pdf","file_path":"CVs/c85.pdf","upload_timestamp":1.737273316458804E9}
{"file_name":"c93.pdf","file_path":"CVs/c93.pdf","upload_timestamp":1.7372733164588442E9}
{"file_name":"c2.pdf","file_path":"CVs/c2.pdf","upload_timestamp":1.7372733164588468E9}
{"file_name":"c38.pdf","file_path":"CVs/c38.pdf","upload_timestamp":1.7372733164588482E9}
{"file_name":"c34.pdf","file_path":"CVs/c34.pdf","upload_timestamp":1.7372733164588492E9}
{"file_name":"c23.pdf","file_path":"CVs/c23.pdf","upload_timestamp":1.7372733164588826E9}
{"file_name":"c92.pdf","file_path":"CVs/c92.pdf","upload_timestamp":1.7372733164588861E9}
{"file_name":"c64.pdf","file_path":"CVs/c64.pdf","upload_timestamp":1.737273316458888E9}
{"file_name":"c13.pdf","file_path":"CVs/c13.pdf","upload_timestamp":1.7372733164588892E9}
{"file_name":"c43.pdf","file_path":"CVs/c43.pdf","upload_timestamp":1.7372733164588902E9}
{"file_name":"c14.pdf","file_path":"CVs/c14.pdf","upload_timestamp":1.7372733164588912E9}
{"file_name":"c46.pdf","file_path":"CVs/c46.pdf","upload_timestamp":1.7372733164588926E9}
{"file_name":"c18.pdf","file_path":"CVs/c18.pdf","upload_timestamp":1.7372733164588933E9}
{"file_name":"c6.pdf","file_path":"CVs/c6.pdf","upload_timestamp":1.7372733164588945E9}
{"file_name":"c35.pdf","file_path":"CVs/c35.pdf","upload_timestamp":1.737273316458896E9}
{"file_name":"c63.pdf","file_path":"CVs/c63.pdf","upload_timestamp":1.7372733164588966E9}
{"file_name":"c36.pdf","file_path":"CVs/c36.pdf","upload_timestamp":1.7372733164588976E9}
{"file_name":"c31.pdf","file_path":"CVs/c31.pdf","upload_timestamp":1.7372733164588985E9}
{"file_name":"c66.pdf","file_path":"CVs/c66.pdf","upload_timestamp":1.7372733164588995E9}
{"file_name":"c82.pdf","file_path":"CVs/c82.pdf","upload_timestamp":1.7372733164589002E9}
{"file_name":"c83.pdf","file_path":"CVs/c83.pdf","upload_timestamp":1.737273316458901E9}
{"file_name":"c61.pdf","file_path":"CVs/c61.pdf","upload_timestamp":1.7372733164589021E9}
{"file_name":"c59.pdf","file_path":"CVs/c59.pdf","upload_timestamp":1.7372733164589028E9}
{"file_name":"c53.pdf","file_path":"CVs/c53.pdf","upload_timestamp":1.7372733164589612E9}
