{"file_name":"c54.pdf","file_path":"CVs/c54.pdf","upload_timestamp":1.7372733164589653E9}
{"file_name":"c16.pdf","file_path":"CVs/c16.pdf","upload_timestamp":1.7372733164589667E9}
{"file_name":"c90.pdf","file_path":"CVs/c90.pdf","upload_timestamp":1.737273316458968E9}
{"file_name":"c88.pdf","file_path":"CVs/c88.pdf","upload_timestamp":1.7372733164589689E9}
{"file_name":"c75.pdf","file_path":"CVs/c75.pdf","upload_timestamp":1.7372733164589698E9}
{"file_name":"c78.pdf","file_path":"CVs/c78.pdf","upload_timestamp":1.737273316458971E9}
{"file_name":"c94.pdf","file_path":"CVs/c94.pdf","upload_timestamp":1.737273316458972E9}
{"file_name":"c76.pdf","file_path":"CVs/c76.pdf","upload_timestamp":1.737273316458973E9}
{"file_name":"c97.pdf","file_path":"CVs/c97.pdf","upload_timestamp":1.7372733164589736E9}
{"file_name":"c57.pdf","file_path":"CVs/c57.pdf","upload_timestamp":1.7372733164589744E9}
{"file_name":"c5.pdf","file_path":"CVs/c5.pdf","upload_timestamp":1.7372733164589756E9}
{"file_name":"c62.pdf","file_path":"CVs/c62.pdf","upload_timestamp":1.7372733164589763E9}
{"file_name":"c73.pdf","file_path":"CVs/c73.pdf","upload_timestamp":1.737273316458977E9}
{"file_name":"c58.pdf","file_path":"CVs/c58.pdf","upload_timestamp":1.737273316458978E9}
{"file_name":"c91.pdf","file_path":"CVs/c91.pdf","upload_timestamp":1.7372733164589794E9}
{"file_name":"c84.pdf","file_path":"CVs/c84.pdf","upload_timestamp":1.7372733164589803E9}
{"file_name":"c15.pdf","file_path":"CVs/c15.pdf","upload_timestamp":1.737273316458981E9}
{"file_name":"c47.pdf","file_path":"CVs/c47.pdf","upload_timestamp":1.737273316458982E9}
{"file_name":"c50.pdf","file_path":"CVs/c50.pdf","upload_timestamp":1.737273316458983E9}
{"file_name":"c69.pdf","file_path":"CVs/c69.pdf","upload_timestamp":1.737273316458984E9}
{"file_name":"c11.pdf","file_path":"CVs/c11.pdf","upload_timestamp":1.7372733164589844E9}
{"file_name":"c48.pdf","file_path":"CVs/c48.pdf","upload_timestamp":1.7372733164589853E9}
{"file_name":"c32.pdf","file_path":"CVs/c32.pdf","upload_timestamp":1.7372733164590182E9}
{"file_name":"c17.pdf","file_path":"CVs/c17.pdf","upload_timestamp":1.737273316459022E9}
