{"file_name":"c93.pdf","file_path":"CVs/c93.pdf","upload_timestamp":1.7372733164588442E9}
{"file_name":"c38.pdf","file_path":"CVs/c38.pdf","upload_timestamp":1.7372733164588482E9}
{"file_name":"c23.pdf","file_path":"CVs/c23.pdf","upload_timestamp":1.7372733164588826E9}
{"file_name":"c64.pdf","file_path":"CVs/c64.pdf","upload_timestamp":1.737273316458888E9}
{"file_name":"c43.pdf","file_path":"CVs/c43.pdf","upload_timestamp":1.7372733164588902E9}
{"file_name":"c46.pdf","file_path":"CVs/c46.pdf","upload_timestamp":1.7372733164588926E9}
{"file_name":"c6.pdf","file_path":"CVs/c6.pdf","upload_timestamp":1.7372733164588945E9}
{"file_name":"c63.pdf","file_path":"CVs/c63.pdf","upload_timestamp":1.7372733164588966E9}
{"file_name":"c31.pdf","file_path":"CVs/c31.pdf","upload_timestamp":1.7372733164588985E9}
{"file_name":"c82.pdf","file_path":"CVs/c82.pdf","upload_timestamp":1.7372733164589002E9}
{"file_name":"c61.pdf","file_path":"CVs/c61.pdf","upload_timestamp":1.7372733164589021E9}
{"file_name":"c53.pdf","file_path":"CVs/c53.pdf","upload_timestamp":1.7372733164589612E9}
