{"file_name":"c16.pdf","file_path":"CVs/c16.pdf","upload_timestamp":1.7372733164589667E9}
{"file_name":"c88.pdf","file_path":"CVs/c88.pdf","upload_timestamp":1.7372733164589689E9}
{"file_name":"c78.pdf","file_path":"CVs/c78.pdf","upload_timestamp":1.737273316458971E9}
{"file_name":"c76.pdf","file_path":"CVs/c76.pdf","upload_timestamp":1.737273316458973E9}
{"file_name":"c57.pdf","file_path":"CVs/c57.pdf","upload_timestamp":1.7372733164589744E9}
{"file_name":"c62.pdf","file_path":"CVs/c62.pdf","upload_timestamp":1.7372733164589763E9}
{"file_name":"c58.pdf","file_path":"CVs/c58.pdf","upload_timestamp":1.737273316458978E9}
{"file_name":"c84.pdf","file_path":"CVs/c84.pdf","upload_timestamp":1.7372733164589803E9}
{"file_name":"c47.pdf","file_path":"CVs/c47.pdf","upload_timestamp":1.737273316458982E9}
{"file_name":"c69.pdf","file_path":"CVs/c69.pdf","upload_timestamp":1.737273316458984E9}
{"file_name":"c48.pdf","file_path":"CVs/c48.pdf","upload_timestamp":1.7372733164589853E9}
{"file_name":"c17.pdf","file_path":"CVs/c17.pdf","upload_timestamp":1.737273316459022E9}
