{"file_name":"c45.pdf","file_path":"CVs/c45.pdf","upload_timestamp":1.7372733164591982E9}
{"file_name":"c96.pdf","file_path":"CVs/c96.pdf","upload_timestamp":1.7372733164591997E9}
{"file_name":"c39.pdf","file_path":"CVs/c39.pdf","upload_timestamp":1.7372733164592013E9}
{"file_name":"c51.pdf","file_path":"CVs/c51.pdf","upload_timestamp":1.737273316459204E9}
{"file_name":"c89.pdf","file_path":"CVs/c89.pdf","upload_timestamp":1.7372733164592056E9}
{"file_name":"c81.pdf","file_path":"CVs/c81.pdf","upload_timestamp":1.737273316459207E9}
{"file_name":"c56.pdf","file_path":"CVs/c56.pdf","upload_timestamp":1.7372733164592087E9}
{"file_name":"c27.pdf","file_path":"CVs/c27.pdf","upload_timestamp":1.7372733164592104E9}
{"file_name":"c7.pdf","file_path":"CVs/c7.pdf","upload_timestamp":1.737273316459212E9}
{"file_name":"c60.pdf","file_path":"CVs/c60.pdf","upload_timestamp":1.7372733164592135E9}
{"file_name":"c4.pdf","file_path":"CVs/c4.pdf","upload_timestamp":1.7372733164592948E9}
{"file_name":"c20.pdf","file_path":"CVs/c20.pdf","upload_timestamp":1.7372733164592974E9}
{"file_name":"c29.pdf","file_path":"CVs/c29.pdf","upload_timestamp":1.737273316459299E9}
